<?xml version="1.0" encoding="UTF-8"?>
<configuration>

	<property name="LOG_HOME" value="/opt/WAS85/logs/" />

	<springProfile name="dev, tuc, tud, prod">
		<appender name="FILE-LOGGER-LEVEL-ERROR"
			class="ch.qos.logback.core.rolling.RollingFileAppender">
			<file>${LOG_HOME}/${ServerName}/BNS-Logs/bns-web-error.log</file>
			<encoder class="ch.qos.logback.classic.encoder.PatternLayoutEncoder">
				<pattern>
					%d{dd/MM/yyyy HH:mm:ss SSS} - [%thread] %-5level %logger{35} - %replace(%msg){'[\n\r]','>>'}%n
				</pattern>
			</encoder>

			<rollingPolicy class="ch.qos.logback.core.rolling.TimeBasedRollingPolicy">
				<!-- rollover daily -->
				<fileNamePattern>${LOG_HOME}/${ServerName}/BNS-Logs/bns-web-error.%d{dd-MM-yyyy}.%i.log
				</fileNamePattern>
				<timeBasedFileNamingAndTriggeringPolicy
					class="ch.qos.logback.core.rolling.SizeAndTimeBasedFNATP">
					<maxFileSize>10MB</maxFileSize>
				</timeBasedFileNamingAndTriggeringPolicy>
			</rollingPolicy>
		</appender>

		<appender name="FILE-LOGGER"
			class="ch.qos.logback.core.rolling.RollingFileAppender">
			<file>${LOG_HOME}/${ServerName}/BNS-Logs/bns-web.log</file>
			<encoder class="ch.qos.logback.classic.encoder.PatternLayoutEncoder">
				<pattern>
					%d{dd/MM/yyyy HH:mm:ss SSS} - [%thread] %-5level %logger{35} - %replace(%msg){'[\n\r]','>>'}%n
				</pattern>
			</encoder>

			<rollingPolicy class="ch.qos.logback.core.rolling.TimeBasedRollingPolicy">
				<!-- rollover daily -->
				<fileNamePattern>${LOG_HOME}/${ServerName}/BNS-Logs/bns-web.%d{dd-MM-yyyy}.%i.log
				</fileNamePattern>
				<timeBasedFileNamingAndTriggeringPolicy
					class="ch.qos.logback.core.rolling.SizeAndTimeBasedFNATP">
					<maxFileSize>10MB</maxFileSize>
				</timeBasedFileNamingAndTriggeringPolicy>
			</rollingPolicy>
		</appender>

		<appender name="SYSTEM-LOGGER"
			class="ch.qos.logback.core.rolling.RollingFileAppender">
			<file>${LOG_HOME}/${ServerName}/BNS-Logs/bns-system.log</file>
			<encoder class="ch.qos.logback.classic.encoder.PatternLayoutEncoder">
				<pattern>
					%d{dd/MM/yyyy HH:mm:ss SSS} - [%thread] %-5level %logger{35} - %replace(%msg){'[\n\r]','>>'}%n
				</pattern>
			</encoder>

			<rollingPolicy class="ch.qos.logback.core.rolling.TimeBasedRollingPolicy">
				<!-- rollover daily -->
				<fileNamePattern>${LOG_HOME}/${ServerName}/BNS-Logs/bns-system.%d{dd-MM-yyyy}.%i.log
				</fileNamePattern>
				<timeBasedFileNamingAndTriggeringPolicy
					class="ch.qos.logback.core.rolling.SizeAndTimeBasedFNATP">
					<maxFileSize>10MB</maxFileSize>
				</timeBasedFileNamingAndTriggeringPolicy>
			</rollingPolicy>
		</appender>
		
		<!-- ZSL External Web Services Logs -->
		<appender name="ZSL-FILE-LOGGER"
			class="ch.qos.logback.core.rolling.RollingFileAppender">
			<file>${LOG_HOME}/${ServerName}/ZSL-Logs/bns-zsl.log</file>
			<encoder class="ch.qos.logback.classic.encoder.PatternLayoutEncoder">
				<pattern>
					%d{dd/MM/yyyy HH:mm:ss SSS} - [%thread] %-5level %logger{35} - ProcessRunID[%X{ProcessRunID}] %replace(%msg){'[\n\r]','>>'}%n
				</pattern>
			</encoder>

			<rollingPolicy class="ch.qos.logback.core.rolling.TimeBasedRollingPolicy">
				<!-- rollover daily -->
				<fileNamePattern>${LOG_HOME}/${ServerName}/ZSL-Logs/bns-zsl.%d{dd-MM-yyyy}.%i.log
				</fileNamePattern>
				<timeBasedFileNamingAndTriggeringPolicy
					class="ch.qos.logback.core.rolling.SizeAndTimeBasedFNATP">
					<maxFileSize>10MB</maxFileSize>
				</timeBasedFileNamingAndTriggeringPolicy>
			</rollingPolicy>
		</appender>

		<!-- Required Notification Logs -->
		<appender name="ZSL-REQUIRED-FILE-LOGGER"
			class="ch.qos.logback.core.rolling.RollingFileAppender">
			<file>${LOG_HOME}/${ServerName}/ZSL-Logs/bns-zsl-required.log</file>
			<encoder class="ch.qos.logback.classic.encoder.PatternLayoutEncoder">
				<pattern>
					%d{dd/MM/yyyy HH:mm:ss SSS} - [%thread] %-5level %logger{35} - %replace(%msg){'[\n\r]','>>'}%n
				</pattern>
			</encoder>

			<rollingPolicy class="ch.qos.logback.core.rolling.TimeBasedRollingPolicy">
				<!-- rollover daily -->
				<fileNamePattern>${LOG_HOME}/${ServerName}/ZSL-Logs/bns-zsl-required.%d{dd-MM-yyyy}.%i.log
				</fileNamePattern>
				<timeBasedFileNamingAndTriggeringPolicy
					class="ch.qos.logback.core.rolling.SizeAndTimeBasedFNATP">
					<maxFileSize>10MB</maxFileSize>
				</timeBasedFileNamingAndTriggeringPolicy>
			</rollingPolicy>
		</appender>

		<!-- Customer Advisor Logs -->
		<appender name="CUSTOMER-ADVISOR-FILE-LOGGER"
			class="ch.qos.logback.core.rolling.RollingFileAppender">
			<file>${LOG_HOME}/${ServerName}/BNS-Logs/bns-customer-advisor.log</file>
			<encoder class="ch.qos.logback.classic.encoder.PatternLayoutEncoder">
				<pattern>
					%d{dd/MM/yyyy HH:mm:ss SSS} - [%thread] %-5level %logger{35} - %replace(%msg){'[\n\r]','>>'}%n
				</pattern>
			</encoder>

			<rollingPolicy class="ch.qos.logback.core.rolling.TimeBasedRollingPolicy">
				<!-- rollover daily -->
				<fileNamePattern>${LOG_HOME}/${ServerName}/BNS-Logs/bns-customer-advisor.%d{dd-MM-yyyy}.%i.log
				</fileNamePattern>
				<timeBasedFileNamingAndTriggeringPolicy
					class="ch.qos.logback.core.rolling.SizeAndTimeBasedFNATP">
					<maxFileSize>10MB</maxFileSize>
				</timeBasedFileNamingAndTriggeringPolicy>
			</rollingPolicy>
		</appender>

		<!-- Customer Advisor Logs -->
		<logger
			name="com.commerzbank.gdk.bns.service.impl.CustomerAdvisorLogServiceImpl"
			level="info" additivity="false">
			<appender-ref ref="CUSTOMER-ADVISOR-FILE-LOGGER" />
		</logger>

		<!-- All Back-end and Audit Logs -->
		<logger name="org.springframework.web" level="error"
			additivity="false">
			<appender-ref ref="FILE-LOGGER-LEVEL-ERROR" />
		</logger>

		<logger name="com.commerzbank.gdk.bns" level="info" additivity="false">
			<appender-ref ref="FILE-LOGGER" />
		</logger>

		<logger name="com.commerzbank.gdk.system" level="info" additivity="false">
			<appender-ref ref="SYSTEM-LOGGER" />
		</logger>
		
		<!-- ZSL External Web Services Logs -->
		<logger name="com.commerzbank.gdk.bns.controller.zsl" level="info"
			additivity="false">
			<appender-ref ref="ZSL-FILE-LOGGER" />
		</logger>

		<!-- Trigger and Notification Details Logs -->
		<logger name="com.commerzbank.gdk.bns.service.impl.NotificationServiceImpl"
			level="info" additivity="false">
			<appender-ref ref="ZSL-FILE-LOGGER" />
		</logger>

		<!-- Required Notification Logs -->
		<logger
			name="com.commerzbank.gdk.bns.service.impl.RequestForRequiredNotificationServiceImpl"
			level="info" additivity="false">
			<appender-ref ref="ZSL-REQUIRED-FILE-LOGGER" />
		</logger>
		
		<!-- Request for Change Configuration Logs -->
		<logger name="com.commerzbank.gdk.bns.service.impl.ChangeConfigurationServiceImpl"
			level="info" additivity="false">
			<appender-ref ref="ZSL-FILE-LOGGER" />
		</logger>

		<root level="error">
			<appender-ref ref="FILE-LOGGER" />
		</root>
	</springProfile>

	<springProfile name="local">
		<appender name="CONSOLE" class="ch.qos.logback.core.ConsoleAppender">
			<layout class="ch.qos.logback.classic.PatternLayout">
				<pattern>
					%d{dd/MM/yyyy HH:mm:ss SSS} - [%thread] %-5level %logger{35} - %replace(%msg){'[\n\r]','>>'}%n
				</pattern>
			</layout>
		</appender>

		<logger name="org.spingframework.web" level="error" additivity="false">
			<appender-ref ref="CONSOLE" />
		</logger>

		<logger name="com.commerzbank.gdk" level="info" additivity="false">
			<appender-ref ref="CONSOLE" />
		</logger>

		<root level="INFO">
			<appender-ref ref="CONSOLE" />
		</root>

	</springProfile>

	<!-- This will prevent logback for outputting its initialization status -->
	<statusListener class="ch.qos.logback.core.status.NopStatusListener" />

</configuration>